Workbook
Name Resim: INDEX(Çalışanlar!$A$2:$A$5,Çalışanlar!$H$1)

Sheet Data
A1: ID | B1: Ay | C1: Bölge | D1: HD | E1: Kalite | F1: Verimlilik | G1: Çalışanlar
A2: =B2&C2 -> OcaDoğu | B2: Oca | C2: Doğu | D2: 0.7 | E2: 0.59 | F2: 0.41 | G2: Emp1 | H2: service Level
A3: =B3&C3 -> OcaBatı | B3: Oca | C3: Batı | D3: 0.43 | E3: 0.58 | F3: 0.78 | G3: Emp2 | H3: HD | I3: Hizmet Düzeyi
A4: =B4&C4 -> OcaKuzey | B4: Oca | C4: Kuzey | D4: 0.62 | E4: 0.65 | F4: 0.54 | G4: Emp3
A5: =B5&C5 -> OcaGüney | B5: Oca | C5: Güney | D5: 0.79 | E5: 0.49 | F5: 0.62 | G5: Emp4
A6: =B6&C6 -> ŞubDoğu | B6: Şub | C6: Doğu | D6: 0.69 | E6: 0.49 | F6: 0.33 | G6: Emp1
A7: =B7&C7 -> ŞubBatı | B7: Şub | C7: Batı | D7: 0.37 | E7: 0.54 | F7: 0.47 | G7: Emp2
A8: =B8&C8 -> ŞubKuzey | B8: Şub | C8: Kuzey | D8: 0.7 | E8: 0.31 | F8: 0.59 | G8: Emp3
A9: =B9&C9 -> ŞubGüney | B9: Şub | C9: Güney | D9: 0.68 | E9: 0.3 | F9: 0.41 | G9: Emp4
A10: =B10&C10 -> MarDoğu | B10: Mar | C10: Doğu | D10: 0.41 | E10: 0.45 | F10: 0.42 | G10: Emp1
A11: =B11&C11 -> MarBatı | B11: Mar | C11: Batı | D11: 0.39 | E11: 0.38 | F11: 0.77 | G11: Emp2
A12: =B12&C12 -> MarKuzey | B12: Mar | C12: Kuzey | D12: 0.77 | E12: 0.4 | F12: 0.5 | G12: Emp3
A13: =B13&C13 -> MarGüney | B13: Mar | C13: Güney | D13: 0.64 | E13: 0.34 | F13: 0.77 | G13: Emp4
A14: =B14&C14 -> NisDoğu | B14: Nis | C14: Doğu | D14: 0.43 | E14: 0.67 | F14: 0.43 | G14: Emp1
A15: =B15&C15 -> NisBatı | B15: Nis | C15: Batı | D15: 0.75 | E15: 0.43 | F15: 0.51 | G15: Emp2
... A49: =B49&C49 -> AraGüney | B49: Ara | C49: Güney | D49: 0.45 | E49: 0.37 | F49: 0.39 | G49: Emp4

Sheet Çalışanlar
A1: Resim | B1: Çalışanlar | C1: Bölge | D1: Toplam HD | E1: Toplam Kalite | F1: Toplam Verimlilik
B2: Emp1 | C2: Doğu
B3: Emp2 | C3: Batı | I3: Toplam HD | J3: Toplam Kalite | K3: Toplam Verimlilik
B4: Emp3 | C4: Kuzey
B5: Emp4 | C5: Güney

Sheet Hesap
A1: Ay | B1: Bölge | N1: TRUE | O1: TRUE | P1: TRUE
A2: Oca | B2: Doğu | C2: =INDEX(B2:B5,D2) -> Doğu | D2: 1 | F2: HD | G2: =VLOOKUP($D$4,Data!$A$1:$G$49,MATCH(Hesap!F2,Data!$A$1:$G$1,0),0) -> 0.43 | H2: =1-G2 -> 0.57 | J2: =VLOOKUP($D$4,Data!$A$1:$G$49,MATCH(Hesap!F2,Data!$A$1:$G$1,0),0) -> 0.43 | K2: =1-J2 -> 0.57 | M2: ID | N2: Ay | O2: HD | P2: Kalite | Q2: Verimlilik
A3: Şub | B3: Batı | C3: =INDEX(A2:A13,D3) -> Nis | D3: 4 | F3: Kalite | G3: =VLOOKUP($D$4,Data!$A$1:$G$49,MATCH(Hesap!F3,Data!$A$1:$G$1,0),0) -> 0.67 | H3: =1-G3 -> 0.33 | J3: =VLOOKUP($D$4,Data!$A$1:$G$49,MATCH(Hesap!F3,Data!$A$1:$G$1,0),0) -> 0.67 | K3: =1-J3 -> 0.33 | M3: =N3&$C$2 -> OcaDoğu | N3: Oca | O3: =IF($N$1,VLOOKUP(M3,Data!$A:$G,4,0),NA()) -> 0.7 | P3: =IF($O$1,VLOOKUP(M3,Data!$A:$G,5,0)) -> 0.59 | Q3: =IF($P$1,VLOOKUP(M3,Data!$A:$G,6,0)) -> 0.41
A4: Mar | B4: Kuzey | C4: ID | D4: =C3&C2 -> NisDoğu | F4: Verimlilik | G4: =VLOOKUP($D$4,Data!$A$1:$G$49,MATCH(Hesap!F4,Data!$A$1:$G$1,0),0) -> 0.43 | H4: =1-G4 -> 0.57 | J4: =VLOOKUP($D$4,Data!$A$1:$G$49,MATCH(Hesap!F4,Data!$A$1:$G$1,0),0) -> 0.43 | K4: =1-J4 -> 0.57 | M4: =N4&$C$2 -> ŞubDoğu | N4: Şub | O4: =IF($N$1,VLOOKUP(M4,Data!$A:$G,4,0),NA()) -> 0.69 | P4: =IF($O$1,VLOOKUP(M4,Data!$A:$G,5,0)) -> 0.49 | Q4: =IF($P$1,VLOOKUP(M4,Data!$A:$G,6,0)) -> 0.33
A5: Nis | B5: Güney | M5: =N5&$C$2 -> MarDoğu | N5: Mar | O5: =IF($N$1,VLOOKUP(M5,Data!$A:$G,4,0),NA()) -> 0.41 | P5: =IF($O$1,VLOOKUP(M5,Data!$A:$G,5,0)) -> 0.45 | Q5: =IF($P$1,VLOOKUP(M5,Data!$A:$G,6,0)) -> 0.42
A6: May | M6: =N6&$C$2 -> NisDoğu | N6: Nis | O6: =IF($N$1,VLOOKUP(M6,Data!$A:$G,4,0),NA()) -> 0.43 | P6: =IF($O$1,VLOOKUP(M6,Data!$A:$G,5,0)) -> 0.67 | Q6: =IF($P$1,VLOOKUP(M6,Data!$A:$G,6,0)) -> 0.43
A7: Haz | M7: =N7&$C$2 -> MayDoğu | N7: May | O7: =IF($N$1,VLOOKUP(M7,Data!$A:$G,4,0),NA()) -> 0.36 | P7: =IF($O$1,VLOOKUP(M7,Data!$A:$G,5,0)) -> 0.66 | Q7: =IF($P$1,VLOOKUP(M7,Data!$A:$G,6,0)) -> 0.6
A8: Tem | M8: =N8&$C$2 -> HazDoğu | N8: Haz | O8: =IF($N$1,VLOOKUP(M8,Data!$A:$G,4,0),NA()) -> 0.3 | P8: =IF($O$1,VLOOKUP(M8,Data!$A:$G,5,0)) -> 0.7 | Q8: =IF($P$1,VLOOKUP(M8,Data!$A:$G,6,0)) -> 0.49
A9: Ağu | M9: =N9&$C$2 -> TemDoğu | N9: Tem | O9: =IF($N$1,VLOOKUP(M9,Data!$A:$G,4,0),NA()) -> 0.69 | P9: =IF($O$1,VLOOKUP(M9,Data!$A:$G,5,0)) -> 0.33 | Q9: =IF($P$1,VLOOKUP(M9,Data!$A:$G,6,0)) -> 0.67
A10: Eyl | M10: =N10&$C$2 -> AğuDoğu | N10: Ağu | O10: =IF($N$1,VLOOKUP(M10,Data!$A:$G,4,0),NA()) -> 0.79 | P10: =IF($O$1,VLOOKUP(M10,Data!$A:$G,5,0)) -> 0.39 | Q10: =IF($P$1,VLOOKUP(M10,Data!$A:$G,6,0)) -> 0.79
A11: Eki | M11: =N11&$C$2 -> EylDoğu | N11: Eyl | O11: =IF($N$1,VLOOKUP(M11,Data!$A:$G,4,0),NA()) -> 0.3 | P11: =IF($O$1,VLOOKUP(M11,Data!$A:$G,5,0)) -> 0.36 | Q11: =IF($P$1,VLOOKUP(M11,Data!$A:$G,6,0)) -> 0.3
A12: Kas | M12: =N12&$C$2 -> EkiDoğu | N12: Eki | O12: =IF($N$1,VLOOKUP(M12,Data!$A:$G,4,0),NA()) -> 0.39 | P12: =IF($O$1,VLOOKUP(M12,Data!$A:$G,5,0)) -> 0.38 | Q12: =IF($P$1,VLOOKUP(M12,Data!$A:$G,6,0)) -> 0.77
A13: Ara | M13: =N13&$C$2 -> KasDoğu | N13: Kas | O13: =IF($N$1,VLOOKUP(M13,Data!$A:$G,4,0),NA()) -> 0.68 | P13: =IF($O$1,VLOOKUP(M13,Data!$A:$G,5,0)) -> 0.38 | Q13: =IF($P$1,VLOOKUP(M13,Data!$A:$G,6,0)) -> 0.69
M14: =N14&$C$2 -> AraDoğu | N14: Ara | O14: =IF($N$1,VLOOKUP(M14,Data!$A:$G,4,0),NA()) -> 0.56 | P14: =IF($O$1,VLOOKUP(M14,Data!$A:$G,5,0)) -> 0.73 | Q14: =IF($P$1,VLOOKUP(M14,Data!$A:$G,6,0)) -> 0.78

Sheet Dashboard
