Workbook
Name resim: INDEX(Çalışanlar!$A$2:$A$5,Çalışanlar!$K$1,1)

Sheet Puanlama
B3: Data Sayfası : | C3: 25 Puan
B4: Çalışanlar Sayfası: | C4: 25 Puan
B5: Dashboard Sayfası : | C5: 50 Puan

Sheet Data
A1: ID | B1: Ay | C1: Bölge | D1: HD | E1: Kalite | F1: Verimlilik | G1: Çalışanlar
A2: =B2&C2 -> OcaDoğu | B2: Oca | C2: Doğu | D2: 0.7 | E2: 0.59 | F2: 0.41 | G2: Emp1 | H2: service Level
A3: =B3&C3 -> OcaBatı | B3: Oca | C3: Batı | D3: 0.43 | E3: 0.58 | F3: 0.78 | G3: Emp2 | H3: HD | I3: Hizmet Düzeyi
A4: =B4&C4 -> OcaKuzey | B4: Oca | C4: Kuzey | D4: 0.62 | E4: 0.65 | F4: 0.54 | G4: Emp3
A5: =B5&C5 -> OcaGüney | B5: Oca | C5: Güney | D5: 0.79 | E5: 0.49 | F5: 0.62 | G5: Emp4
A6: =B6&C6 -> ŞubDoğu | B6: Şub | C6: Doğu | D6: 0.69 | E6: 0.49 | F6: 0.33 | G6: Emp1
A7: =B7&C7 -> ŞubBatı | B7: Şub | C7: Batı | D7: 0.37 | E7: 0.54 | F7: 0.47 | G7: Emp2
A8: =B8&C8 -> ŞubKuzey | B8: Şub | C8: Kuzey | D8: 0.7 | E8: 0.31 | F8: 0.59 | G8: Emp3
A9: =B9&C9 -> ŞubGüney | B9: Şub | C9: Güney | D9: 0.68 | E9: 0.3 | F9: 0.41 | G9: Emp4
A10: =B10&C10 -> MarDoğu | B10: Mar | C10: Doğu | D10: 0.41 | E10: 0.45 | F10: 0.42 | G10: Emp1
A11: =B11&C11 -> MarBatı | B11: Mar | C11: Batı | D11: 0.39 | E11: 0.38 | F11: 0.77 | G11: Emp2
A12: =B12&C12 -> MarKuzey | B12: Mar | C12: Kuzey | D12: 0.77 | E12: 0.4 | F12: 0.5 | G12: Emp3
A13: =B13&C13 -> MarGüney | B13: Mar | C13: Güney | D13: 0.64 | E13: 0.34 | F13: 0.77 | G13: Emp4
A14: =B14&C14 -> NisDoğu | B14: Nis | C14: Doğu | D14: 0.43 | E14: 0.67 | F14: 0.43 | G14: Emp1
A15: =B15&C15 -> NisBatı | B15: Nis | C15: Batı | D15: 0.75 | E15: 0.43 | F15: 0.51 | G15: Emp2
... A49: =B49&C49 -> AraGüney | B49: Ara | C49: Güney | D49: 0.45 | E49: 0.37 | F49: 0.39 | G49: Emp4

Sheet Hesap
A1: Ay | B1: Bölge | M1: TRUE | N1: TRUE | O1: TRUE
A2: Oca | B2: Doğu | F2: =INDEX(B2:B5,G2,1) -> Doğu | G2: 1 | K2: ID | L2: Ay | M2: HD | N2: Kalite | O2: Verimlilik
A3: Şub | B3: Batı | F3: =INDEX(A2:A13,G3,1) -> Oca | G3: 1 | K3: =L3&$F$2 -> OcaDoğu | L3: Oca | M3: =IF($M$1,VLOOKUP(K3,Data!$A:$G,4,0),NA()) -> 0.7 | N3: =IF($N$1,VLOOKUP(K3,Data!$A:$G,5,0),NA()) -> 0.59 | O3: =IF($O$1,VLOOKUP(K3,Data!$A:$G,6,0),NA()) -> 0.41
A4: Mar | B4: Kuzey | K4: =L4&$F$2 -> ŞubDoğu | L4: Şub | M4: =IF($M$1,VLOOKUP(K4,Data!$A:$G,4,0),NA()) -> 0.69 | N4: =IF($N$1,VLOOKUP(K4,Data!$A:$G,5,0),NA()) -> 0.49 | O4: =IF($O$1,VLOOKUP(K4,Data!$A:$G,6,0),NA()) -> 0.33
A5: Nis | B5: Güney | E5: ID | F5: =F3&F2 -> OcaDoğu | K5: =L5&$F$2 -> MarDoğu | L5: Mar | M5: =IF($M$1,VLOOKUP(K5,Data!$A:$G,4,0),NA()) -> 0.41 | N5: =IF($N$1,VLOOKUP(K5,Data!$A:$G,5,0),NA()) -> 0.45 | O5: =IF($O$1,VLOOKUP(K5,Data!$A:$G,6,0),NA()) -> 0.42
A6: May | K6: =L6&$F$2 -> NisDoğu | L6: Nis | M6: =IF($M$1,VLOOKUP(K6,Data!$A:$G,4,0),NA()) -> 0.43 | N6: =IF($N$1,VLOOKUP(K6,Data!$A:$G,5,0),NA()) -> 0.67 | O6: =IF($O$1,VLOOKUP(K6,Data!$A:$G,6,0),NA()) -> 0.43
A7: Haz | K7: =L7&$F$2 -> MayDoğu | L7: May | M7: =IF($M$1,VLOOKUP(K7,Data!$A:$G,4,0),NA()) -> 0.36 | N7: =IF($N$1,VLOOKUP(K7,Data!$A:$G,5,0),NA()) -> 0.66 | O7: =IF($O$1,VLOOKUP(K7,Data!$A:$G,6,0),NA()) -> 0.6
A8: Tem | K8: =L8&$F$2 -> HazDoğu | L8: Haz | M8: =IF($M$1,VLOOKUP(K8,Data!$A:$G,4,0),NA()) -> 0.3 | N8: =IF($N$1,VLOOKUP(K8,Data!$A:$G,5,0),NA()) -> 0.7 | O8: =IF($O$1,VLOOKUP(K8,Data!$A:$G,6,0),NA()) -> 0.49
A9: Ağu | K9: =L9&$F$2 -> TemDoğu | L9: Tem | M9: =IF($M$1,VLOOKUP(K9,Data!$A:$G,4,0),NA()) -> 0.69 | N9: =IF($N$1,VLOOKUP(K9,Data!$A:$G,5,0),NA()) -> 0.33 | O9: =IF($O$1,VLOOKUP(K9,Data!$A:$G,6,0),NA()) -> 0.67
A10: Eyl | K10: =L10&$F$2 -> AğuDoğu | L10: Ağu | M10: =IF($M$1,VLOOKUP(K10,Data!$A:$G,4,0),NA()) -> 0.79 | N10: =IF($N$1,VLOOKUP(K10,Data!$A:$G,5,0),NA()) -> 0.39 | O10: =IF($O$1,VLOOKUP(K10,Data!$A:$G,6,0),NA()) -> 0.79
A11: Eki | F11: HD | G11: =VLOOKUP($F$5,Data!$A$1:$G$49,MATCH(Hesap!F11,Data!$A$1:$G$1,0),0) -> 0.7 | H11: =1-G11 -> 0.3 | K11: =L11&$F$2 -> EylDoğu | L11: Eyl | M11: =IF($M$1,VLOOKUP(K11,Data!$A:$G,4,0),NA()) -> 0.3 | N11: =IF($N$1,VLOOKUP(K11,Data!$A:$G,5,0),NA()) -> 0.36 | O11: =IF($O$1,VLOOKUP(K11,Data!$A:$G,6,0),NA()) -> 0.3
A12: Kas | F12: Kalite | G12: =VLOOKUP($F$5,Data!$A$1:$G$49,MATCH(Hesap!F12,Data!$A$1:$G$1,0),0) -> 0.59 | H12: =1-G12 -> 0.41 | K12: =L12&$F$2 -> EkiDoğu | L12: Eki | M12: =IF($M$1,VLOOKUP(K12,Data!$A:$G,4,0),NA()) -> 0.39 | N12: =IF($N$1,VLOOKUP(K12,Data!$A:$G,5,0),NA()) -> 0.38 | O12: =IF($O$1,VLOOKUP(K12,Data!$A:$G,6,0),NA()) -> 0.77
A13: Ara | F13: Verimlilik | G13: =VLOOKUP($F$5,Data!$A$1:$G$49,MATCH(Hesap!F13,Data!$A$1:$G$1,0),0) -> 0.41 | H13: =1-G13 -> 0.59 | K13: =L13&$F$2 -> KasDoğu | L13: Kas | M13: =IF($M$1,VLOOKUP(K13,Data!$A:$G,4,0),NA()) -> 0.68 | N13: =IF($N$1,VLOOKUP(K13,Data!$A:$G,5,0),NA()) -> 0.38 | O13: =IF($O$1,VLOOKUP(K13,Data!$A:$G,6,0),NA()) -> 0.69
K14: =L14&$F$2 -> AraDoğu | L14: Ara | M14: =IF($M$1,VLOOKUP(K14,Data!$A:$G,4,0),NA()) -> 0.56 | N14: =IF($N$1,VLOOKUP(K14,Data!$A:$G,5,0),NA()) -> 0.73 | O14: =IF($O$1,VLOOKUP(K14,Data!$A:$G,6,0),NA()) -> 0.78

Sheet Çalışanlar
A1: Resim | B1: Çalışanlar | C1: Bölge | D1: Toplam HD | E1: Toplam Kalite | F1: Toplam Verimlilik | K1: 3 | L1: =INDEX($A$2:$A$5,$K$1,1) -> 0
B2: Emp1 | C2: Doğu | D2: =AVERAGEIF(Data!$G:$G,Data!G2,Data!$D:$D) -> 0.525 | E2: =AVERAGEIF(Data!$G:$G,Data!G2,Data!$E:$E) -> 0.51083333 | F2: =AVERAGEIF(Data!$G:$G,Data!G2,Data!$F:$F) -> 0.55666667
B3: Emp2 | C3: Batı | D3: =AVERAGEIF(Data!$G:$G,Data!G3,Data!$D:$D) -> 0.55833333 | E3: =AVERAGEIF(Data!$G:$G,Data!G3,Data!$E:$E) -> 0.58416667 | F3: =AVERAGEIF(Data!$G:$G,Data!G3,Data!$F:$F) -> 0.60416667 | I3: Toplam HD | J3: Toplam Kalite | K3: Toplam Verimlilik
B4: Emp3 | C4: Kuzey | D4: =AVERAGEIF(Data!$G:$G,Data!G4,Data!$D:$D) -> 0.53166667 | E4: =AVERAGEIF(Data!$G:$G,Data!G4,Data!$E:$E) -> 0.50666667 | F4: =AVERAGEIF(Data!$G:$G,Data!G4,Data!$F:$F) -> 0.57 | H4: =INDEX(B2:B5,K1,1) -> Emp3 | I4: =VLOOKUP($H$4,$B$2:$F$5,MATCH(I3,$B$1:$F$1,0),0) -> 0.53166667 | J4: =VLOOKUP($H$4,$B$2:$F$5,MATCH(J3,$B$1:$F$1,0),0) -> 0.50666667 | K4: =VLOOKUP($H$4,$B$2:$F$5,MATCH(K3,$B$1:$F$1,0),0) -> 0.57
B5: Emp4 | C5: Güney | D5: =AVERAGEIF(Data!$G:$G,Data!G5,Data!$D:$D) -> 0.53333333 | E5: =AVERAGEIF(Data!$G:$G,Data!G5,Data!$E:$E) -> 0.52583333 | F5: =AVERAGEIF(Data!$G:$G,Data!G5,Data!$F:$F) -> 0.54

Sheet Dashboard
M1: FALSE | N1: TRUE | O1: TRUE
U6: =INDEX(Çalışanlar!B2:B5,Çalışanlar!K1,1) -> Emp3
